num_clients,throughput_ops_sec,avg_latency_ms
1,589.6666666666666,1.6848933164381994
2,981.6,2.0263464481278106
4,1317.2666666666667,3.0253227558615743
8,1461.8666666666666,5.461796079835332
16,1490.6,10.725081044257692
32,1495.4,21.40402467574689
