num_clients,throughput_ops_sec,avg_latency_ms
1,548.3333333333334,1.8118394834292333
2,972.5333333333333,2.04545677868608
4,1130.3333333333333,3.5282408653266026
8,1075.2666666666667,7.430756925036189
16,1016.4,15.736049278411405
32,922.5333333333333,34.71537202506211
