num_clients,throughput_ops_sec,avg_latency_ms
1,281.4,3.5425205700659013
2,286.8,6.96380583977267
4,375.4,10.666231515457948
8,470.93333333333334,16.985491880069098
16,597.7333333333333,26.788730002289874
32,665.2666666666667,48.2338435043731
